name,uuid,playtime_hours,deaths,mob_kills,player_kills,damage_dealt,damage_taken,blocks_mined,blocks_placed,walked_km,sprinted_km,flown_km,report_title
___ESDEATH__,89828089-a31e-360f-97d7-c61936333eb0,102.73,27,2031,0,221174,47285,47446,17558,167.15,132.34,94.31,Apprentice of the Grand Workbench
Lesasmth,3a95880d-6395-34da-9b55-ed130c1d73e6,82.36,92,2117,11,344830,77089,94171,53018,166.21,140.4,184.7,Kluk Artisan
J1N,abc8c2c3-f0e2-31f2-a372-eee23b1ffce4,79.0,25,2547,19,433914,73770,156325,17439,177.74,139.59,148.27,Devout of the Church of Tonton
EgemenEriin,3a136867-97a5-37cf-84d9-2a1213879405,58.39,20,580,9,129938,25066,50610,7666,58.01,103.87,182.4,Chronicler of the Great Book
OrYa980,2a7c6167-86b8-3d1f-acf7-00d35b6f4880,49.29,2,1507,1,303564,29129,12072,12623,97.37,75.19,92.38,Slayer of the Old Gods
04th,49487142-e365-3f0b-a9f7-578d8ba68e32,44.05,35,2322,8,408477,58952,41335,4423,49.59,88.97,175.89,Knight of House Ace
GhostPanta,fb20bf8c-4a52-3911-bf3a-ebeb3fc4ecfe,40.56,3,285,0,49610,10241,15254,4680,111.69,39.71,82.21,Keeper of the Sacred Crops
morsthedaddy,a2e455ea-c106-3919-8b4a-ab2136d50eac,27.83,22,589,0,105576,32034,10270,7250,49.17,45.71,72.78,Chronicler of the Great Book
Werka,98c9fd7f-01a9-34a1-bb7a-9479c9bc0785,23.97,3,296,0,56451,19330,7791,3679,53.8,19.92,20.64,Hermit of the Hollow
242b,dd07590b-f54b-396f-9e90-a28985537828,22.23,14,428,10,73321,18396,16232,4086,42.21,30.07,41.0,Server Menace
NaMorenke2137,fcfa3698-1562-3abb-9eb7-96b94401f350,18.29,10,62,0,12400,10990,12355,6418,38.49,37.85,37.73,Keeper of the Sacred Crops
penisilin,331eb79e-1be2-3476-83f8-81ee98cabf1a,14.3,38,119,4,23458,13460,19877,4356,38.54,13.06,1.26,Hermit of the Hollow
Titiczek,734ff855-4f77-3f41-ac4c-9dcb2496d79f,9.84,2,94,0,17632,5667,6530,1681,25.73,6.5,9.89,Hermit of the Hollow
aminellim,38272df4-f791-3dcc-b756-c3cb3d097de2,6.78,19,30,0,3982,8998,2595,1699,14.77,8.02,0.84,Hermit of the Hollow
alikns,e25c0084-12de-39bf-a577-9f4f9a4c6d9f,6.73,0,100,0,13421,3110,3957,2884,15.44,6.95,8.17,Hermit of the Hollow
allah,a175dca3-b663-39af-923a-3770bb512329,4.82,4,71,1,15161,4566,2714,621,12.99,3.37,2.84,Dragon of the Hoard
a660f9aa-7539-4ed4-96b6-86fb99d12f6d,a660f9aa-7539-4ed4-96b6-86fb99d12f6d,4.32,3,4,0,2590,987,1868,659,2.81,1.46,19.43,Hermit of the Hollow
z0mix,2bf0da04-4ae2-3804-806c-a32e16ca798c,3.62,7,78,0,15718,4325,1741,766,7.19,5.38,6.32,The Eternal Respawner
AmSikici06,d90d1214-16f0-33fd-a8ae-6b011dfbca56,1.05,7,2,2,381,2014,451,623,2.78,1.7,2.47,The Eternal Respawner
chuj123,5d0ce1e7-62db-3ad6-9105-cefe1afcb3ff,0.7,2,0,0,394,648,19,3,0.98,0.68,1.05,Dragon of the Hoard
SimsMaster96,a5541c1c-aefd-3c65-a7e3-e572c519e8fb,0.61,0,10,0,1620,297,342,11,2.39,1.9,2.01,Chaotic Neutral Adventurer
majcios,568df217-3bc0-357b-841e-0bc94bfbdb3c,0.53,1,1,0,230,480,44,1,0.78,1.79,1.57,The Eternal Respawner
kutas11,0585880f-ec6c-3f60-8de1-67d9e3de54c6,0.51,2,3,0,306,730,23,22,0.91,1.03,1.3,Dragon of the Hoard
hubcioo,cf74d94f-381a-37d4-86d4-0ce51d67a8ad,0.43,0,9,0,1669,402,39,12,1.08,1.21,2.01,Chaotic Neutral Adventurer
wielkikoks,918b27d0-25e0-3f68-82d1-aba465cc6fcc,0.35,1,6,0,1050,440,223,5,0.77,0.6,1.07,The Eternal Respawner
Frenchie,df8d3fb7-f834-3fe4-8794-0461f591f843,0.34,0,2,1,453,302,145,13,0.58,1.41,4.4,Server Menace
Faldelte,72c1a0dd-daea-3b64-8d59-1ac20fee6d65,0.23,0,3,1,598,416,87,2,0.5,0.59,1.62,Dragon of the Hoard
arnav,3812ac26-304f-34e8-a593-079718d691f3,0.02,0,0,0,0,0,0,0,0.02,0.0,0.0,Chaotic Neutral Adventurer
milennna,12c1010c-75de-3475-a07e-24d3acfa6c2f,0.01,0,0,0,0,0,0,0,0.0,0.0,0.0,Chaotic Neutral Adventurer
LesaSmth,b65e8e19-0157-3bbc-b423-668f5c06a400,0.01,0,0,0,0,0,0,0,0.01,0.01,0.01,Chaotic Neutral Adventurer
nitkahes,fb5a515f-1271-356b-8dee-d124ca7f6345,0.0,0,0,0,0,0,0,0,0.0,0.0,0.0,Chaotic Neutral Adventurer
